,Region,ScoreType,BestSource,SourcesSet,Value,IsBest,NbFolds
0,Amazonas,OOS,Colombia & GT by State,Colombia,0.1177791646434283,False,1
1,Amazonas,InSample,Colombia & GT by State,Colombia,0.4829147948049382,False,1
2,Anzoategui,OOS,Colombia & GT,Colombia,-4.650106327394038,False,1
3,Anzoategui,InSample,Colombia & GT,Colombia,0.555504287070985,False,1
4,Apure,OOS,Colombia & GT,Colombia,-0.7010678902859339,False,1
5,Apure,InSample,Colombia & GT,Colombia,0.5022122778232425,False,1
6,Aragua,OOS,Colombia & GT by State,Colombia,-0.9182008264272772,False,1
7,Aragua,InSample,Colombia & GT by State,Colombia,0.5533698224865711,False,1
8,Barinas,OOS,Colombia Border & GT,Colombia,-0.4857813921212961,False,1
9,Barinas,InSample,Colombia Border & GT,Colombia,0.4952852278013992,False,1
10,Bolivar,OOS,Colombia Border & GT,Colombia,0.18539494956257707,False,1
11,Bolivar,InSample,Colombia Border & GT,Colombia,0.25767532980363594,False,1
12,Carabobo,OOS,Colombia & GT,Colombia,-0.1096174612084546,False,1
13,Carabobo,InSample,Colombia & GT,Colombia,0.5874597298339727,False,1
14,Cojedes,OOS,Colombia & GT,Colombia,-0.7374199667090888,False,1
15,Cojedes,InSample,Colombia & GT,Colombia,0.4453683887709289,False,1
16,Delta Amacuro,OOS,Colombia & GT,Colombia,0.3492159203599987,False,1
17,Delta Amacuro,InSample,Colombia & GT,Colombia,0.471981745301164,False,1
18,Distrito Federal,OOS,Colombia & GT,Colombia,0.01005263280435542,False,1
19,Distrito Federal,InSample,Colombia & GT,Colombia,0.7012400378292865,False,1
20,Falcon,OOS,Colombia Border & GT,Colombia,-0.9928684550972636,False,1
21,Falcon,InSample,Colombia Border & GT,Colombia,0.3587594254624233,False,1
22,Guarico,OOS,Colombia & GT,Colombia,-0.93181696877107,False,1
23,Guarico,InSample,Colombia & GT,Colombia,0.4736665863267231,False,1
24,Lara,OOS,Colombia Border & GT,Colombia,0.06432188989475107,False,1
25,Lara,InSample,Colombia Border & GT,Colombia,0.6579080688361011,False,1
26,Merida,OOS,Colombia & GT by State,Colombia,0.13709249007002722,False,1
27,Merida,InSample,Colombia & GT by State,Colombia,0.7693299651249267,False,1
28,Miranda,OOS,Colombia & GT,Colombia,-0.3821971241514668,False,1
29,Miranda,InSample,Colombia & GT,Colombia,0.6863710319652925,False,1
30,Monagas,OOS,Colombia & GT,Colombia,-1.3108946368883259,False,1
31,Monagas,InSample,Colombia & GT,Colombia,0.4783724985495304,False,1
32,Multiobjective,OOS,Colombia & GT,Colombia,-0.6143714026973508,False,1
33,Multiobjective,InSample,Colombia & GT,Colombia,0.5167212715420205,False,1
34,Nueva Esparta,OOS,Colombia & GT,Colombia,-0.3844731343396537,False,1
35,Nueva Esparta,InSample,Colombia & GT,Colombia,0.3194046981150113,False,1
36,Portuguesa,OOS,Colombia Border & GT,Colombia,0.02643338351372293,False,1
37,Portuguesa,InSample,Colombia Border & GT,Colombia,0.4556304898619529,False,1
38,Sucre,OOS,Colombia & GT,Colombia,-2.2154547902459103,False,1
39,Sucre,InSample,Colombia & GT,Colombia,0.5036386090419676,False,1
40,Tachira,OOS,Colombia & GT by State,Colombia,-0.2083243946093587,False,1
41,Tachira,InSample,Colombia & GT by State,Colombia,0.8109796622909603,False,1
42,Total,OOS,Colombia & GT,Colombia,-0.4062328576767944,False,1
43,Total,InSample,Colombia & GT,Colombia,0.6610252784921794,False,1
44,Trujillo,OOS,Colombia & GT,Colombia,-0.40020268704222106,False,1
45,Trujillo,InSample,Colombia & GT,Colombia,0.4042915464237753,False,1
46,Vargas,OOS,Colombia & GT,Colombia,-0.5994015101344821,False,1
47,Vargas,InSample,Colombia & GT,Colombia,0.4435742734300328,False,1
48,Yaracuy,OOS,Colombia & GT,Colombia,0.003952583682386268,False,1
49,Yaracuy,InSample,Colombia & GT,Colombia,0.593021053474152,False,1
50,Zulia,OOS,Colombia & GT,Colombia,-0.6113291138418251,False,1
51,Zulia,InSample,Colombia & GT,Colombia,0.3933509665795183,False,1
52,Amazonas,OOS,Colombia & GT by State,Colombia Border & GT,-0.029008746474026962,False,1
53,Amazonas,InSample,Colombia & GT by State,Colombia Border & GT,0.5290654414697091,False,1
54,Anzoategui,OOS,Colombia & GT,Colombia Border & GT,-0.2730206946843277,False,1
55,Anzoategui,InSample,Colombia & GT,Colombia Border & GT,0.6922037539423931,False,1
56,Apure,OOS,Colombia & GT,Colombia Border & GT,0.3098672242640597,False,1
57,Apure,InSample,Colombia & GT,Colombia Border & GT,0.5553950835747824,False,1
58,Aragua,OOS,Colombia & GT by State,Colombia Border & GT,-0.4475210161001244,False,1
59,Aragua,InSample,Colombia & GT by State,Colombia Border & GT,0.6756260121408239,False,1
60,Barinas,OOS,Colombia Border & GT,Colombia Border & GT,0.244606862422858,True,1
61,Barinas,InSample,Colombia Border & GT,Colombia Border & GT,0.5551772861547664,True,1
62,Bolivar,OOS,Colombia Border & GT,Colombia Border & GT,0.1231285012059834,True,1
63,Bolivar,InSample,Colombia Border & GT,Colombia Border & GT,0.3316620176624777,True,1
64,Carabobo,OOS,Colombia & GT,Colombia Border & GT,-0.047685315325614486,False,1
65,Carabobo,InSample,Colombia & GT,Colombia Border & GT,0.6341129054461263,False,1
66,Cojedes,OOS,Colombia & GT,Colombia Border & GT,0.1802037111494448,False,1
67,Cojedes,InSample,Colombia & GT,Colombia Border & GT,0.5470942854183997,False,1
68,Delta Amacuro,OOS,Colombia & GT,Colombia Border & GT,0.27075820314491794,False,1
69,Delta Amacuro,InSample,Colombia & GT,Colombia Border & GT,0.5256066329404745,False,1
70,Distrito Federal,OOS,Colombia & GT,Colombia Border & GT,0.1118532955261058,False,1
71,Distrito Federal,InSample,Colombia & GT,Colombia Border & GT,0.7937469755963347,False,1
72,Falcon,OOS,Colombia Border & GT,Colombia Border & GT,0.15117914382197215,True,1
73,Falcon,InSample,Colombia Border & GT,Colombia Border & GT,0.6110567236398068,True,1
74,Guarico,OOS,Colombia & GT,Colombia Border & GT,0.20813619541465145,False,1
75,Guarico,InSample,Colombia & GT,Colombia Border & GT,0.7259390390570215,False,1
76,Lara,OOS,Colombia Border & GT,Colombia Border & GT,0.174509164334803,True,1
77,Lara,InSample,Colombia Border & GT,Colombia Border & GT,0.7569142532660931,True,1
78,Merida,OOS,Colombia & GT by State,Colombia Border & GT,0.2091290317858588,False,1
79,Merida,InSample,Colombia & GT by State,Colombia Border & GT,0.774155043684325,False,1
80,Miranda,OOS,Colombia & GT,Colombia Border & GT,0.2822192449186733,False,1
81,Miranda,InSample,Colombia & GT,Colombia Border & GT,0.8427973602508221,False,1
82,Monagas,OOS,Colombia & GT,Colombia Border & GT,0.004588470376191589,False,1
83,Monagas,InSample,Colombia & GT,Colombia Border & GT,0.6414250940886118,False,1
84,Multiobjective,OOS,Colombia & GT,Colombia Border & GT,0.03839861183255777,False,1
85,Multiobjective,InSample,Colombia & GT,Colombia Border & GT,0.6382412936764837,False,1
86,Nueva Esparta,OOS,Colombia & GT,Colombia Border & GT,0.17514075050236275,False,1
87,Nueva Esparta,InSample,Colombia & GT,Colombia Border & GT,0.6298540767877098,False,1
88,Portuguesa,OOS,Colombia Border & GT,Colombia Border & GT,0.07649048890389076,True,1
89,Portuguesa,InSample,Colombia Border & GT,Colombia Border & GT,0.5232788332875526,True,1
90,Sucre,OOS,Colombia & GT,Colombia Border & GT,-0.5079471106034386,False,1
91,Sucre,InSample,Colombia & GT,Colombia Border & GT,0.6277810136266795,False,1
92,Tachira,OOS,Colombia & GT by State,Colombia Border & GT,0.2116682825087524,False,1
93,Tachira,InSample,Colombia & GT by State,Colombia Border & GT,0.7785393585636363,False,1
94,Total,OOS,Colombia & GT,Colombia Border & GT,0.34286372261284825,False,1
95,Total,InSample,Colombia & GT,Colombia Border & GT,0.8316596145645647,False,1
96,Trujillo,OOS,Colombia & GT,Colombia Border & GT,0.04378491254610306,False,1
97,Trujillo,InSample,Colombia & GT,Colombia Border & GT,0.597288800165769,False,1
98,Vargas,OOS,Colombia & GT,Colombia Border & GT,-0.3959146029304805,False,1
99,Vargas,InSample,Colombia & GT,Colombia Border & GT,0.6665735049850525,False,1
100,Yaracuy,OOS,Colombia & GT,Colombia Border & GT,0.18373467071166927,False,1
101,Yaracuy,InSample,Colombia & GT,Colombia Border & GT,0.7203053837015712,False,1
102,Zulia,OOS,Colombia & GT,Colombia Border & GT,-0.3383339834388988,False,1
103,Zulia,InSample,Colombia & GT,Colombia Border & GT,0.5821921687846717,False,1
104,Amazonas,OOS,Colombia & GT by State,Colombia & GT,0.07098843052457615,False,1
105,Amazonas,InSample,Colombia & GT by State,Colombia & GT,0.5157903220238541,False,1
106,Anzoategui,OOS,Colombia & GT,Colombia & GT,-2.636258651391276,True,1
107,Anzoategui,InSample,Colombia & GT,Colombia & GT,0.7988358343738688,True,1
108,Apure,OOS,Colombia & GT,Colombia & GT,-0.7727647878823449,True,1
109,Apure,InSample,Colombia & GT,Colombia & GT,0.6362137518981325,True,1
110,Aragua,OOS,Colombia & GT by State,Colombia & GT,-1.1369456198520578,False,1
111,Aragua,InSample,Colombia & GT by State,Colombia & GT,0.6751124074532944,False,1
112,Barinas,OOS,Colombia Border & GT,Colombia & GT,-0.2023284667805412,False,1
113,Barinas,InSample,Colombia Border & GT,Colombia & GT,0.5019706879881505,False,1
114,Bolivar,OOS,Colombia Border & GT,Colombia & GT,0.08465545080698911,False,1
115,Bolivar,InSample,Colombia Border & GT,Colombia & GT,0.319497379886893,False,1
116,Carabobo,OOS,Colombia & GT,Colombia & GT,-0.0486456958360646,True,1
117,Carabobo,InSample,Colombia & GT,Colombia & GT,0.6830027713427953,True,1
118,Cojedes,OOS,Colombia & GT,Colombia & GT,-0.13465821189144964,True,1
119,Cojedes,InSample,Colombia & GT,Colombia & GT,0.5545981596416559,True,1
120,Delta Amacuro,OOS,Colombia & GT,Colombia & GT,0.1961952006826433,True,1
121,Delta Amacuro,InSample,Colombia & GT,Colombia & GT,0.5701040188367448,True,1
122,Distrito Federal,OOS,Colombia & GT,Colombia & GT,0.11254801526896484,True,1
123,Distrito Federal,InSample,Colombia & GT,Colombia & GT,0.8288195844520213,True,1
124,Falcon,OOS,Colombia Border & GT,Colombia & GT,0.2696849495104867,False,1
125,Falcon,InSample,Colombia Border & GT,Colombia & GT,0.5713518233026456,False,1
126,Guarico,OOS,Colombia & GT,Colombia & GT,-0.459716482922206,True,1
127,Guarico,InSample,Colombia & GT,Colombia & GT,0.7313367161129348,True,1
128,Lara,OOS,Colombia Border & GT,Colombia & GT,0.16471375528630305,False,1
129,Lara,InSample,Colombia Border & GT,Colombia & GT,0.7321492541361094,False,1
130,Merida,OOS,Colombia & GT by State,Colombia & GT,0.3730760339660916,False,1
131,Merida,InSample,Colombia & GT by State,Colombia & GT,0.7885290605899673,False,1
132,Miranda,OOS,Colombia & GT,Colombia & GT,0.2826103551411189,True,1
133,Miranda,InSample,Colombia & GT,Colombia & GT,0.8704712970495776,True,1
134,Monagas,OOS,Colombia & GT,Colombia & GT,-0.3625194479761156,True,1
135,Monagas,InSample,Colombia & GT,Colombia & GT,0.6544214759916664,True,1
136,Multiobjective,OOS,Colombia & GT,Colombia & GT,-0.21330251490447127,True,1
137,Multiobjective,InSample,Colombia & GT,Colombia & GT,0.6637568059157379,True,1
138,Nueva Esparta,OOS,Colombia & GT,Colombia & GT,0.18000505626850427,True,1
139,Nueva Esparta,InSample,Colombia & GT,Colombia & GT,0.7430787217463479,True,1
140,Portuguesa,OOS,Colombia Border & GT,Colombia & GT,-0.19189256585498995,False,1
141,Portuguesa,InSample,Colombia Border & GT,Colombia & GT,0.4875246681599792,False,1
142,Sucre,OOS,Colombia & GT,Colombia & GT,-0.3853201754884774,True,1
143,Sucre,InSample,Colombia & GT,Colombia & GT,0.6917068020405692,True,1
144,Tachira,OOS,Colombia & GT by State,Colombia & GT,0.35786675617646835,False,1
145,Tachira,InSample,Colombia & GT by State,Colombia & GT,0.8265997920249183,False,1
146,Total,OOS,Colombia & GT,Colombia & GT,0.0904702182713386,True,1
147,Total,InSample,Colombia & GT,Colombia & GT,0.8743797934905936,True,1
148,Trujillo,OOS,Colombia & GT,Colombia & GT,-0.1411795341847606,True,1
149,Trujillo,InSample,Colombia & GT,Colombia & GT,0.6536582981319343,True,1
150,Vargas,OOS,Colombia & GT,Colombia & GT,-0.09131029942962664,True,1
151,Vargas,InSample,Colombia & GT,Colombia & GT,0.6786171021664531,True,1
152,Yaracuy,OOS,Colombia & GT,Colombia & GT,0.1821454069966294,True,1
153,Yaracuy,InSample,Colombia & GT,Colombia & GT,0.7403182058916915,True,1
154,Zulia,OOS,Colombia & GT,Colombia & GT,-0.8302098288461759,True,1
155,Zulia,InSample,Colombia & GT,Colombia & GT,0.6764552067355047,True,1
156,Amazonas,OOS,Colombia & GT by State,Colombia & GT by State,0.3126394522914786,True,1
157,Amazonas,InSample,Colombia & GT by State,Colombia & GT by State,0.5520056573020689,True,1
158,Anzoategui,OOS,Colombia & GT,Colombia & GT by State,-0.264443052790478,False,1
159,Anzoategui,InSample,Colombia & GT,Colombia & GT by State,0.6402287284558079,False,1
160,Apure,OOS,Colombia & GT,Colombia & GT by State,0.3488485527255721,False,1
161,Apure,InSample,Colombia & GT,Colombia & GT by State,0.6090982468269764,False,1
162,Aragua,OOS,Colombia & GT by State,Colombia & GT by State,-0.061869186179664075,True,1
163,Aragua,InSample,Colombia & GT by State,Colombia & GT by State,0.6931689443842995,True,1
164,Barinas,OOS,Colombia Border & GT,Colombia & GT by State,0.3930595226197509,False,1
165,Barinas,InSample,Colombia Border & GT,Colombia & GT by State,0.5521331845574627,False,1
166,Bolivar,OOS,Colombia Border & GT,Colombia & GT by State,0.03089129959778525,False,1
167,Bolivar,InSample,Colombia Border & GT,Colombia & GT by State,0.25982742448596496,False,1
168,Carabobo,OOS,Colombia & GT,Colombia & GT by State,0.11021269569660096,False,1
169,Carabobo,InSample,Colombia & GT,Colombia & GT by State,0.6706338205760713,False,1
170,Cojedes,OOS,Colombia & GT,Colombia & GT by State,0.315029721128815,False,1
171,Cojedes,InSample,Colombia & GT,Colombia & GT by State,0.5483231532805406,False,1
172,Delta Amacuro,OOS,Colombia & GT,Colombia & GT by State,0.1825496664569856,False,1
173,Delta Amacuro,InSample,Colombia & GT,Colombia & GT by State,0.5119156947481124,False,1
174,Distrito Federal,OOS,Colombia & GT,Colombia & GT by State,0.1829501428390783,False,1
175,Distrito Federal,InSample,Colombia & GT,Colombia & GT by State,0.8187297936287026,False,1
176,Falcon,OOS,Colombia Border & GT,Colombia & GT by State,0.013503818316083716,False,1
177,Falcon,InSample,Colombia Border & GT,Colombia & GT by State,0.5811128511130554,False,1
178,Guarico,OOS,Colombia & GT,Colombia & GT by State,0.3511352588716279,False,1
179,Guarico,InSample,Colombia & GT,Colombia & GT by State,0.6288165896048606,False,1
180,Lara,OOS,Colombia Border & GT,Colombia & GT by State,0.1387389937435748,False,1
181,Lara,InSample,Colombia Border & GT,Colombia & GT by State,0.7052499461206425,False,1
182,Merida,OOS,Colombia & GT by State,Colombia & GT by State,-0.024776907906070456,True,1
183,Merida,InSample,Colombia & GT by State,Colombia & GT by State,0.8054948617332496,True,1
184,Miranda,OOS,Colombia & GT,Colombia & GT by State,0.6140040432484564,False,1
185,Miranda,InSample,Colombia & GT,Colombia & GT by State,0.8319865476285279,False,1
186,Monagas,OOS,Colombia & GT,Colombia & GT by State,0.07593046976699958,False,1
187,Monagas,InSample,Colombia & GT,Colombia & GT by State,0.5493590368981218,False,1
188,Multiobjective,OOS,Colombia & GT,Colombia & GT by State,0.09223875437940007,False,1
189,Multiobjective,InSample,Colombia & GT,Colombia & GT by State,0.621865919024856,False,1
190,Nueva Esparta,OOS,Colombia & GT,Colombia & GT by State,0.15221914727322786,False,1
191,Nueva Esparta,InSample,Colombia & GT,Colombia & GT by State,0.5729920255260514,False,1
192,Portuguesa,OOS,Colombia Border & GT,Colombia & GT by State,0.2491297456755053,False,1
193,Portuguesa,InSample,Colombia Border & GT,Colombia & GT by State,0.4942567630923027,False,1
194,Sucre,OOS,Colombia & GT,Colombia & GT by State,-0.5749655724509966,False,1
195,Sucre,InSample,Colombia & GT,Colombia & GT by State,0.6154227495320423,False,1
196,Tachira,OOS,Colombia & GT by State,Colombia & GT by State,0.07312281502696105,True,1
197,Tachira,InSample,Colombia & GT by State,Colombia & GT by State,0.8296460365219015,True,1
198,Total,OOS,Colombia & GT,Colombia & GT by State,0.5440243791348638,False,1
199,Total,InSample,Colombia & GT,Colombia & GT by State,0.8166100676448176,False,1
200,Trujillo,OOS,Colombia & GT,Colombia & GT by State,-0.4474888780733029,False,1
201,Trujillo,InSample,Colombia & GT,Colombia & GT by State,0.5279077427272659,False,1
202,Vargas,OOS,Colombia & GT,Colombia & GT by State,-0.4043980080906613,False,1
203,Vargas,InSample,Colombia & GT,Colombia & GT by State,0.6051937933254634,False,1
204,Yaracuy,OOS,Colombia & GT,Colombia & GT by State,0.2387279010045619,False,1
205,Yaracuy,InSample,Colombia & GT,Colombia & GT by State,0.6868028592108086,False,1
206,Zulia,OOS,Colombia & GT,Colombia & GT by State,0.2089784643137101,False,1
207,Zulia,InSample,Colombia & GT,Colombia & GT by State,0.6344756053162439,False,1
208,Amazonas,OOS,Colombia & GT by State,Colombia & GT by Symptom,0.3378603786597906,False,1
209,Amazonas,InSample,Colombia & GT by State,Colombia & GT by Symptom,0.4751160109446095,False,1
210,Anzoategui,OOS,Colombia & GT,Colombia & GT by Symptom,-0.2646557015715787,False,1
211,Anzoategui,InSample,Colombia & GT,Colombia & GT by Symptom,0.6231459496382648,False,1
212,Apure,OOS,Colombia & GT,Colombia & GT by Symptom,0.4281820430391911,False,1
213,Apure,InSample,Colombia & GT,Colombia & GT by Symptom,0.5322315400917368,False,1
214,Aragua,OOS,Colombia & GT by State,Colombia & GT by Symptom,-0.28885880785694984,False,1
215,Aragua,InSample,Colombia & GT by State,Colombia & GT by Symptom,0.6612933875761514,False,1
216,Barinas,OOS,Colombia Border & GT,Colombia & GT by Symptom,0.3767029454822154,False,1
217,Barinas,InSample,Colombia Border & GT,Colombia & GT by Symptom,0.4627671663970549,False,1
218,Bolivar,OOS,Colombia Border & GT,Colombia & GT by Symptom,-0.050547564578542925,False,1
219,Bolivar,InSample,Colombia Border & GT,Colombia & GT by Symptom,0.2647995381449563,False,1
220,Carabobo,OOS,Colombia & GT,Colombia & GT by Symptom,0.2066261564987314,False,1
221,Carabobo,InSample,Colombia & GT,Colombia & GT by Symptom,0.6597545030395404,False,1
222,Cojedes,OOS,Colombia & GT,Colombia & GT by Symptom,0.3192568053239576,False,1
223,Cojedes,InSample,Colombia & GT,Colombia & GT by Symptom,0.5227368731970901,False,1
224,Delta Amacuro,OOS,Colombia & GT,Colombia & GT by Symptom,0.10690271768830684,False,1
225,Delta Amacuro,InSample,Colombia & GT,Colombia & GT by Symptom,0.4470975158302374,False,1
226,Distrito Federal,OOS,Colombia & GT,Colombia & GT by Symptom,0.11564743307794645,False,1
227,Distrito Federal,InSample,Colombia & GT,Colombia & GT by Symptom,0.7857240165130457,False,1
228,Falcon,OOS,Colombia Border & GT,Colombia & GT by Symptom,-0.07814672160528957,False,1
229,Falcon,InSample,Colombia Border & GT,Colombia & GT by Symptom,0.4372428190838009,False,1
230,Guarico,OOS,Colombia & GT,Colombia & GT by Symptom,0.3127036393081561,False,1
231,Guarico,InSample,Colombia & GT,Colombia & GT by Symptom,0.6027429577463235,False,1
232,Lara,OOS,Colombia Border & GT,Colombia & GT by Symptom,0.13627591261363936,False,1
233,Lara,InSample,Colombia Border & GT,Colombia & GT by Symptom,0.7266717373830615,False,1
234,Merida,OOS,Colombia & GT by State,Colombia & GT by Symptom,0.2365337447618993,False,1
235,Merida,InSample,Colombia & GT by State,Colombia & GT by Symptom,0.7824819539442113,False,1
236,Miranda,OOS,Colombia & GT,Colombia & GT by Symptom,0.3496327855143289,False,1
237,Miranda,InSample,Colombia & GT,Colombia & GT by Symptom,0.7884990826671714,False,1
238,Monagas,OOS,Colombia & GT,Colombia & GT by Symptom,0.2760956331577441,False,1
239,Monagas,InSample,Colombia & GT,Colombia & GT by Symptom,0.5344234964059296,False,1
240,Multiobjective,OOS,Colombia & GT,Colombia & GT by Symptom,0.1329072026845378,False,1
241,Multiobjective,InSample,Colombia & GT,Colombia & GT by Symptom,0.57948491943099,False,1
242,Nueva Esparta,OOS,Colombia & GT,Colombia & GT by Symptom,0.14487357064166673,False,1
243,Nueva Esparta,InSample,Colombia & GT,Colombia & GT by Symptom,0.4799251267907377,False,1
244,Portuguesa,OOS,Colombia Border & GT,Colombia & GT by Symptom,0.21944708635133736,False,1
245,Portuguesa,InSample,Colombia Border & GT,Colombia & GT by Symptom,0.4415551483087906,False,1
246,Sucre,OOS,Colombia & GT,Colombia & GT by Symptom,-0.4288462713759991,False,1
247,Sucre,InSample,Colombia & GT,Colombia & GT by Symptom,0.5800307512434033,False,1
248,Tachira,OOS,Colombia & GT by State,Colombia & GT by Symptom,0.3183215975530949,False,1
249,Tachira,InSample,Colombia & GT by State,Colombia & GT by Symptom,0.7960542605234009,False,1
250,Total,OOS,Colombia & GT,Colombia & GT by Symptom,0.4344957457976749,False,1
251,Total,InSample,Colombia & GT,Colombia & GT by Symptom,0.8120157322431105,False,1
252,Trujillo,OOS,Colombia & GT,Colombia & GT by Symptom,-0.13511311663570558,False,1
253,Trujillo,InSample,Colombia & GT,Colombia & GT by Symptom,0.5511987583323191,False,1
254,Vargas,OOS,Colombia & GT,Colombia & GT by Symptom,0.09585667288478072,False,1
255,Vargas,InSample,Colombia & GT,Colombia & GT by Symptom,0.5990914382791399,False,1
256,Yaracuy,OOS,Colombia & GT,Colombia & GT by Symptom,0.17293388687318936,False,1
257,Yaracuy,InSample,Colombia & GT,Colombia & GT by Symptom,0.7019408501481348,False,1
258,Zulia,OOS,Colombia & GT,Colombia & GT by Symptom,0.2820880386229965,False,1
259,Zulia,InSample,Colombia & GT,Colombia & GT by Symptom,0.4511131841146488,False,1
260,Amazonas,OOS,Colombia & GT by State,Dengue GT CO,0.02951705597966059,False,1
261,Amazonas,InSample,Colombia & GT by State,Dengue GT CO,0.5172411366737132,False,1
262,Anzoategui,OOS,Colombia & GT,Dengue GT CO,-3.02738440441234,False,1
263,Anzoategui,InSample,Colombia & GT,Dengue GT CO,0.6814167413812687,False,1
264,Apure,OOS,Colombia & GT,Dengue GT CO,-2.3350447821637257,False,1
265,Apure,InSample,Colombia & GT,Dengue GT CO,0.5937440253734623,False,1
266,Aragua,OOS,Colombia & GT by State,Dengue GT CO,-4.080648185287395,False,1
267,Aragua,InSample,Colombia & GT by State,Dengue GT CO,0.5224028135752846,False,1
268,Barinas,OOS,Colombia Border & GT,Dengue GT CO,0.21003054668931864,False,1
269,Barinas,InSample,Colombia Border & GT,Dengue GT CO,0.3943139919442603,False,1
270,Bolivar,OOS,Colombia Border & GT,Dengue GT CO,-0.017082941866386925,False,1
271,Bolivar,InSample,Colombia Border & GT,Dengue GT CO,0.2477993036975497,False,1
272,Carabobo,OOS,Colombia & GT,Dengue GT CO,-1.2687541395427289,False,1
273,Carabobo,InSample,Colombia & GT,Dengue GT CO,0.5006880400997998,False,1
274,Cojedes,OOS,Colombia & GT,Dengue GT CO,-1.8477566766257687,False,1
275,Cojedes,InSample,Colombia & GT,Dengue GT CO,0.4926352301901502,False,1
276,Delta Amacuro,OOS,Colombia & GT,Dengue GT CO,0.2270806498789124,False,1
277,Delta Amacuro,InSample,Colombia & GT,Dengue GT CO,0.3928301816946512,False,1
278,Distrito Federal,OOS,Colombia & GT,Dengue GT CO,0.09906186329491896,False,1
279,Distrito Federal,InSample,Colombia & GT,Dengue GT CO,0.6790161431663744,False,1
280,Falcon,OOS,Colombia Border & GT,Dengue GT CO,-0.7221107101853474,False,1
281,Falcon,InSample,Colombia Border & GT,Dengue GT CO,0.3888375477761168,False,1
282,Guarico,OOS,Colombia & GT,Dengue GT CO,-2.0793346755046715,False,1
283,Guarico,InSample,Colombia & GT,Dengue GT CO,0.6158164084372024,False,1
284,Lara,OOS,Colombia Border & GT,Dengue GT CO,-0.14957905521237236,False,1
285,Lara,InSample,Colombia Border & GT,Dengue GT CO,0.5718100196967769,False,1
286,Merida,OOS,Colombia & GT by State,Dengue GT CO,-1.2653306160693347,False,1
287,Merida,InSample,Colombia & GT by State,Dengue GT CO,0.6382226375358822,False,1
288,Miranda,OOS,Colombia & GT,Dengue GT CO,0.29660025034390125,False,1
289,Miranda,InSample,Colombia & GT,Dengue GT CO,0.6886523356717693,False,1
290,Monagas,OOS,Colombia & GT,Dengue GT CO,-2.15276335331214,False,1
291,Monagas,InSample,Colombia & GT,Dengue GT CO,0.4617504243817401,False,1
292,Multiobjective,OOS,Colombia & GT,Dengue GT CO,-0.9224619838656826,False,1
293,Multiobjective,InSample,Colombia & GT,Dengue GT CO,0.5244340219377682,False,1
294,Nueva Esparta,OOS,Colombia & GT,Dengue GT CO,-0.903188590625021,False,1
295,Nueva Esparta,InSample,Colombia & GT,Dengue GT CO,0.4726742395756617,False,1
296,Portuguesa,OOS,Colombia Border & GT,Dengue GT CO,-1.9868054219573883,False,1
297,Portuguesa,InSample,Colombia Border & GT,Dengue GT CO,0.4113875137125824,False,1
298,Sucre,OOS,Colombia & GT,Dengue GT CO,-0.3720872540376123,False,1
299,Sucre,InSample,Colombia & GT,Dengue GT CO,0.6246149168509951,False,1
300,Tachira,OOS,Colombia & GT by State,Dengue GT CO,0.022464700337138654,False,1
301,Tachira,InSample,Colombia & GT by State,Dengue GT CO,0.6822674117972046,False,1
302,Total,OOS,Colombia & GT,Dengue GT CO,-0.02250552728986621,False,1
303,Total,InSample,Colombia & GT,Dengue GT CO,0.7386087492244218,False,1
304,Trujillo,OOS,Colombia & GT,Dengue GT CO,-0.06337907887876537,False,1
305,Trujillo,InSample,Colombia & GT,Dengue GT CO,0.42661437117175016,False,1
306,Vargas,OOS,Colombia & GT,Dengue GT CO,-0.3703509390848863,False,1
307,Vargas,InSample,Colombia & GT,Dengue GT CO,0.4752838497452085,False,1
308,Yaracuy,OOS,Colombia & GT,Dengue GT CO,-0.026458885312848242,False,1
309,Yaracuy,InSample,Colombia & GT,Dengue GT CO,0.5962655526167477,False,1
310,Zulia,OOS,Colombia & GT,Dengue GT CO,-0.3557829692214991,False,1
311,Zulia,InSample,Colombia & GT,Dengue GT CO,0.5101316897402863,False,1
312,Amazonas,OOS,Colombia & GT by State,GT by State - Ven & Col,0.2959031752376262,False,1
313,Amazonas,InSample,Colombia & GT by State,GT by State - Ven & Col,0.4879798161371824,False,1
314,Anzoategui,OOS,Colombia & GT,GT by State - Ven & Col,-0.3930743375375347,False,1
315,Anzoategui,InSample,Colombia & GT,GT by State - Ven & Col,0.5789522590240843,False,1
316,Apure,OOS,Colombia & GT,GT by State - Ven & Col,0.3729539111639324,False,1
317,Apure,InSample,Colombia & GT,GT by State - Ven & Col,0.5957516825395983,False,1
318,Aragua,OOS,Colombia & GT by State,GT by State - Ven & Col,-0.0404260593939112,False,1
319,Aragua,InSample,Colombia & GT by State,GT by State - Ven & Col,0.6690149408760002,False,1
320,Barinas,OOS,Colombia Border & GT,GT by State - Ven & Col,0.353563951053012,False,1
321,Barinas,InSample,Colombia Border & GT,GT by State - Ven & Col,0.5259873041435481,False,1
322,Bolivar,OOS,Colombia Border & GT,GT by State - Ven & Col,-0.018536253562204445,False,1
323,Bolivar,InSample,Colombia Border & GT,GT by State - Ven & Col,0.25343125221506635,False,1
324,Carabobo,OOS,Colombia & GT,GT by State - Ven & Col,0.09119088235759376,False,1
325,Carabobo,InSample,Colombia & GT,GT by State - Ven & Col,0.6188799532924427,False,1
326,Cojedes,OOS,Colombia & GT,GT by State - Ven & Col,0.2341364629786105,False,1
327,Cojedes,InSample,Colombia & GT,GT by State - Ven & Col,0.5384123401010017,False,1
328,Delta Amacuro,OOS,Colombia & GT,GT by State - Ven & Col,0.11854565760777305,False,1
329,Delta Amacuro,InSample,Colombia & GT,GT by State - Ven & Col,0.4410251040869681,False,1
330,Distrito Federal,OOS,Colombia & GT,GT by State - Ven & Col,0.11329087939927295,False,1
331,Distrito Federal,InSample,Colombia & GT,GT by State - Ven & Col,0.759648989339633,False,1
332,Falcon,OOS,Colombia Border & GT,GT by State - Ven & Col,0.011683030667045123,False,1
333,Falcon,InSample,Colombia Border & GT,GT by State - Ven & Col,0.487108758050377,False,1
334,Guarico,OOS,Colombia & GT,GT by State - Ven & Col,0.26214590983114483,False,1
335,Guarico,InSample,Colombia & GT,GT by State - Ven & Col,0.6272407665231261,False,1
336,Lara,OOS,Colombia Border & GT,GT by State - Ven & Col,0.15084355853630196,False,1
337,Lara,InSample,Colombia Border & GT,GT by State - Ven & Col,0.5798505834326144,False,1
338,Merida,OOS,Colombia & GT by State,GT by State - Ven & Col,0.204973710823932,False,1
339,Merida,InSample,Colombia & GT by State,GT by State - Ven & Col,0.624524890565847,False,1
340,Miranda,OOS,Colombia & GT,GT by State - Ven & Col,0.27300658207572404,False,1
341,Miranda,InSample,Colombia & GT,GT by State - Ven & Col,0.7936040659274782,False,1
342,Monagas,OOS,Colombia & GT,GT by State - Ven & Col,0.1379227154228152,False,1
343,Monagas,InSample,Colombia & GT,GT by State - Ven & Col,0.4493091062626694,False,1
344,Multiobjective,OOS,Colombia & GT,GT by State - Ven & Col,0.10311993350843388,False,1
345,Multiobjective,InSample,Colombia & GT,GT by State - Ven & Col,0.5546452365943598,False,1
346,Nueva Esparta,OOS,Colombia & GT,GT by State - Ven & Col,0.16667781184990227,False,1
347,Nueva Esparta,InSample,Colombia & GT,GT by State - Ven & Col,0.5025616740184422,False,1
348,Portuguesa,OOS,Colombia Border & GT,GT by State - Ven & Col,0.05362873331351303,False,1
349,Portuguesa,InSample,Colombia Border & GT,GT by State - Ven & Col,0.434651269626833,False,1
350,Sucre,OOS,Colombia & GT,GT by State - Ven & Col,-0.2448327062175785,False,1
351,Sucre,InSample,Colombia & GT,GT by State - Ven & Col,0.5362125709420662,False,1
352,Tachira,OOS,Colombia & GT by State,GT by State - Ven & Col,0.1414228755904242,False,1
353,Tachira,InSample,Colombia & GT by State,GT by State - Ven & Col,0.6706672237929571,False,1
354,Total,OOS,Colombia & GT,GT by State - Ven & Col,0.3733351494467048,False,1
355,Total,InSample,Colombia & GT,GT by State - Ven & Col,0.7452674291341227,False,1
356,Trujillo,OOS,Colombia & GT,GT by State - Ven & Col,-0.15699026015622386,False,1
357,Trujillo,InSample,Colombia & GT,GT by State - Ven & Col,0.4697430185416316,False,1
358,Vargas,OOS,Colombia & GT,GT by State - Ven & Col,-0.04976888338075258,False,1
359,Vargas,InSample,Colombia & GT,GT by State - Ven & Col,0.5382051620323225,False,1
360,Yaracuy,OOS,Colombia & GT,GT by State - Ven & Col,0.17095397232103582,False,1
361,Yaracuy,InSample,Colombia & GT,GT by State - Ven & Col,0.65952699524337,False,1
362,Zulia,OOS,Colombia & GT,GT by State - Ven & Col,0.2256630842209593,False,1
363,Zulia,InSample,Colombia & GT,GT by State - Ven & Col,0.4691959515493761,False,1
364,Amazonas,OOS,Colombia & GT by State,GT Venezuela,-0.01571627457279745,False,1
365,Amazonas,InSample,Colombia & GT by State,GT Venezuela,0.4267774657715376,False,1
366,Anzoategui,OOS,Colombia & GT,GT Venezuela,-0.10064192337216672,False,1
367,Anzoategui,InSample,Colombia & GT,GT Venezuela,0.6938522808103619,False,1
368,Apure,OOS,Colombia & GT,GT Venezuela,0.2744802096432398,False,1
369,Apure,InSample,Colombia & GT,GT Venezuela,0.5502993792846596,False,1
370,Aragua,OOS,Colombia & GT by State,GT Venezuela,-0.6714517047462718,False,1
371,Aragua,InSample,Colombia & GT by State,GT Venezuela,0.5814926252763546,False,1
372,Barinas,OOS,Colombia Border & GT,GT Venezuela,0.3732104878095833,False,1
373,Barinas,InSample,Colombia Border & GT,GT Venezuela,0.3754490549823281,False,1
374,Bolivar,OOS,Colombia Border & GT,GT Venezuela,0.08908888542579707,False,1
375,Bolivar,InSample,Colombia Border & GT,GT Venezuela,0.3223549357228953,False,1
376,Carabobo,OOS,Colombia & GT,GT Venezuela,0.07533223418083745,False,1
377,Carabobo,InSample,Colombia & GT,GT Venezuela,0.6102915594625811,False,1
378,Cojedes,OOS,Colombia & GT,GT Venezuela,0.186576580070436,False,1
379,Cojedes,InSample,Colombia & GT,GT Venezuela,0.4876856494374202,False,1
380,Delta Amacuro,OOS,Colombia & GT,GT Venezuela,0.19354982307159568,False,1
381,Delta Amacuro,InSample,Colombia & GT,GT Venezuela,0.4552714813321401,False,1
382,Distrito Federal,OOS,Colombia & GT,GT Venezuela,0.1870586145132509,False,1
383,Distrito Federal,InSample,Colombia & GT,GT Venezuela,0.8082057026200694,False,1
384,Falcon,OOS,Colombia Border & GT,GT Venezuela,0.31507878543763546,False,1
385,Falcon,InSample,Colombia Border & GT,GT Venezuela,0.5916038434942381,False,1
386,Guarico,OOS,Colombia & GT,GT Venezuela,0.257687875377842,False,1
387,Guarico,InSample,Colombia & GT,GT Venezuela,0.6869058969731238,False,1
388,Lara,OOS,Colombia Border & GT,GT Venezuela,0.2451338931887573,False,1
389,Lara,InSample,Colombia Border & GT,GT Venezuela,0.6832428749387474,False,1
390,Merida,OOS,Colombia & GT by State,GT Venezuela,0.2320502652184584,False,1
391,Merida,InSample,Colombia & GT by State,GT Venezuela,0.6292620579304535,False,1
392,Miranda,OOS,Colombia & GT,GT Venezuela,0.4801540883097505,False,1
393,Miranda,InSample,Colombia & GT,GT Venezuela,0.8362127757810237,False,1
394,Monagas,OOS,Colombia & GT,GT Venezuela,0.06169555740100562,False,1
395,Monagas,InSample,Colombia & GT,GT Venezuela,0.6259441367825154,False,1
396,Multiobjective,OOS,Colombia & GT,GT Venezuela,0.09646302225882387,False,1
397,Multiobjective,InSample,Colombia & GT,GT Venezuela,0.5849423970121226,False,1
398,Nueva Esparta,OOS,Colombia & GT,GT Venezuela,0.2384666886300004,False,1
399,Nueva Esparta,InSample,Colombia & GT,GT Venezuela,0.5894170808144388,False,1
400,Portuguesa,OOS,Colombia Border & GT,GT Venezuela,0.0022415320977785536,False,1
401,Portuguesa,InSample,Colombia Border & GT,GT Venezuela,0.3738459622694631,False,1
402,Sucre,OOS,Colombia & GT,GT Venezuela,-0.19976158254729887,False,1
403,Sucre,InSample,Colombia & GT,GT Venezuela,0.6388624061270844,False,1
404,Tachira,OOS,Colombia & GT by State,GT Venezuela,0.2693130846661833,False,1
405,Tachira,InSample,Colombia & GT by State,GT Venezuela,0.6059038865177733,False,1
406,Total,OOS,Colombia & GT,GT Venezuela,0.4716030569773942,False,1
407,Total,InSample,Colombia & GT,GT Venezuela,0.8196632310838753,False,1
408,Trujillo,OOS,Colombia & GT,GT Venezuela,-0.0656180695767219,False,1
409,Trujillo,InSample,Colombia & GT,GT Venezuela,0.5281203615240554,False,1
410,Vargas,OOS,Colombia & GT,GT Venezuela,-0.2084414458014596,False,1
411,Vargas,InSample,Colombia & GT,GT Venezuela,0.6689652312565955,False,1
412,Yaracuy,OOS,Colombia & GT,GT Venezuela,0.2337330346902781,False,1
413,Yaracuy,InSample,Colombia & GT,GT Venezuela,0.7148880064321506,False,1
414,Zulia,OOS,Colombia & GT,GT Venezuela,-0.13810810490394054,False,1
415,Zulia,InSample,Colombia & GT,GT Venezuela,0.553762872748933,False,1
